"email";"password";"firstName";"lastName";"username";"phone";"business_info";"profile";"address";"elo_balance";"created_at";"updated_at";"name";"user_type";"status";"paypal_email"
"rypizegyry@mailinator.com";"$2y$10$RP0e0f/NBtDI8Ygn1MwxfOF1V6c6rV.twcQ5J.E/G56Rq3tTARyhO";"Ezekiel";"Perez";"habit";"61";"Est qui voluptatem";"1674388591.jpg";"Incididunt et iste s";9400;"2023-01-22 11:56:31";"2023-03-19 15:11:52";"";"";1;""
"figykeha@mailinator.com";"$2y$10$twq0AtP14PmOACzEnIdiU.vtPJodc6rxRXbBEQxpKy4JJo9cYxzvC";"Maile";"Mccoy";"lolyparem";"64";"Et placeat commodi";"1674407380.jpg";"Inventore ab et lore";10600;"2023-01-22 17:09:40";"2023-03-25 07:57:31";"";"";1;""
"hepabuwar@mailinator.com";"$2y$10$RP0e0f/NBtDI8Ygn1MwxfOF1V6c6rV.twcQ5J.E/G56Rq3tTARyhO";"Timothy";"Burns";"begatisy";"68";"Minima pariatur Cul";"";"Obcaecati corrupti";11435;"2023-01-24 16:07:36";"2023-03-25 07:58:32";"";"";0;""
"ganidi@mailinator.com";"$2y$10$x4T8sJra7YZEqAdTt4PHY.YDplfnAHijYQVU2ONMwVsRNxbkg/sHm";"Ifeoma";"Moss";"myfudobum";"24";"Nulla magnam reprehe";"avatar.jpg";"Ea facere autem odio";10600;"2023-01-24 16:08:43";"2023-01-24 16:08:43";"";"";1;""
"admin@gmail.com";"$2y$10$Fsr8DZBCA/4svTvfW79o2OtiE5DMnr5/gZt4hC9IvhbXeZ7K/RRWi";"admin";"Admin Last Name";"admin";"";"";"";"";9350;"2023-02-22 07:44:48";"2023-03-20 07:12:55";"";"admin";1;""
